[{"model": "admin.logentry", "pk": 1, "fields": {"action_time": "2021-06-28T17:28:56.254Z", "user": 1, "content_type": 7, "object_id": "1", "object_repr": "Category object (1)", "action_flag": 1, "change_message": "[{\"added\": {}}]"}}, {"model": "admin.logentry", "pk": 2, "fields": {"action_time": "2021-06-28T17:29:06.762Z", "user": 1, "content_type": 7, "object_id": "2", "object_repr": "Category object (2)", "action_flag": 1, "change_message": "[{\"added\": {}}]"}}, {"model": "admin.logentry", "pk": 3, "fields": {"action_time": "2021-06-28T17:30:26.894Z", "user": 1, "content_type": 7, "object_id": "2", "object_repr": "Category object (2)", "action_flag": 2, "change_message": "[]"}}, {"model": "admin.logentry", "pk": 4, "fields": {"action_time": "2021-06-30T22:29:53.816Z", "user": 1, "content_type": 7, "object_id": "1", "object_repr": "Starters: 1", "action_flag": 2, "change_message": "[{\"changed\": {\"fields\": [\"Title\"]}}]"}}, {"model": "admin.logentry", "pk": 5, "fields": {"action_time": "2021-06-30T22:29:59.552Z", "user": 1, "content_type": 7, "object_id": "2", "object_repr": "Salads: 2", "action_flag": 2, "change_message": "[{\"changed\": {\"fields\": [\"Title\"]}}]"}}, {"model": "admin.logentry", "pk": 6, "fields": {"action_time": "2021-06-30T22:30:11.489Z", "user": 1, "content_type": 7, "object_id": "3", "object_repr": "Specialty: 3", "action_flag": 1, "change_message": "[{\"added\": {}}]"}}, {"model": "admin.logentry", "pk": 7, "fields": {"action_time": "2021-06-30T22:35:27.749Z", "user": 1, "content_type": 8, "object_id": "1", "object_repr": "Lobster Bisque: 5.95", "action_flag": 1, "change_message": "[{\"added\": {}}]"}}, {"model": "admin.logentry", "pk": 8, "fields": {"action_time": "2021-06-30T22:37:45.511Z", "user": 1, "content_type": 8, "object_id": "2", "object_repr": "Crab Cake: 7.95", "action_flag": 1, "change_message": "[{\"added\": {}}]"}}, {"model": "admin.logentry", "pk": 9, "fields": {"action_time": "2021-06-30T22:39:23.147Z", "user": 1, "content_type": 8, "object_id": "3", "object_repr": "Mozzarella Stick: 4.95", "action_flag": 1, "change_message": "[{\"added\": {}}]"}}, {"model": "admin.logentry", "pk": 10, "fields": {"action_time": "2021-07-06T15:45:09.529Z", "user": 1, "content_type": 8, "object_id": "4", "object_repr": "Caesar Selections: 8.95", "action_flag": 1, "change_message": "[{\"added\": {}}]"}}, {"model": "admin.logentry", "pk": 11, "fields": {"action_time": "2021-07-06T15:46:26.956Z", "user": 1, "content_type": 8, "object_id": "5", "object_repr": "Greek Salad: 9.95", "action_flag": 1, "change_message": "[{\"added\": {}}]"}}, {"model": "admin.logentry", "pk": 12, "fields": {"action_time": "2021-07-06T15:47:10.069Z", "user": 1, "content_type": 8, "object_id": "6", "object_repr": "Spinach Salad: 9.95", "action_flag": 1, "change_message": "[{\"added\": {}}]"}}, {"model": "admin.logentry", "pk": 13, "fields": {"action_time": "2021-07-06T15:47:57.315Z", "user": 1, "content_type": 8, "object_id": "7", "object_repr": "Bread barrel: 6.95", "action_flag": 1, "change_message": "[{\"added\": {}}]"}}, {"model": "admin.logentry", "pk": 14, "fields": {"action_time": "2021-07-06T15:48:37.007Z", "user": 1, "content_type": 8, "object_id": "8", "object_repr": "Tuscan Grilled: 9.95", "action_flag": 1, "change_message": "[{\"added\": {}}]"}}, {"model": "admin.logentry", "pk": 15, "fields": {"action_time": "2021-07-06T15:49:12.883Z", "user": 1, "content_type": 8, "object_id": "9", "object_repr": "Lobster Roll: 12.95", "action_flag": 1, "change_message": "[{\"added\": {}}]"}}, {"model": "admin.logentry", "pk": 16, "fields": {"action_time": "2021-07-06T15:51:52.308Z", "user": 1, "content_type": 8, "object_id": "9", "object_repr": "Lobster Roll: 12.95", "action_flag": 2, "change_message": "[{\"changed\": {\"fields\": [\"Is special\"]}}]"}}, {"model": "admin.logentry", "pk": 17, "fields": {"action_time": "2021-07-06T15:51:58.650Z", "user": 1, "content_type": 8, "object_id": "7", "object_repr": "Bread barrel: 6.95", "action_flag": 2, "change_message": "[{\"changed\": {\"fields\": [\"Is special\"]}}]"}}, {"model": "admin.logentry", "pk": 18, "fields": {"action_time": "2021-07-06T15:52:04.390Z", "user": 1, "content_type": 8, "object_id": "8", "object_repr": "Tuscan Grilled: 9.95", "action_flag": 2, "change_message": "[{\"changed\": {\"fields\": [\"Is special\"]}}]"}}, {"model": "admin.logentry", "pk": 19, "fields": {"action_time": "2021-07-06T17:46:24.593Z", "user": 1, "content_type": 7, "object_id": "4", "object_repr": "tasty fruits: 4", "action_flag": 1, "change_message": "[{\"added\": {}}]"}}, {"model": "admin.logentry", "pk": 20, "fields": {"action_time": "2021-07-09T00:06:36.609Z", "user": 1, "content_type": 7, "object_id": "5", "object_repr": "Рыбалка: 5", "action_flag": 1, "change_message": "[{\"added\": {}}]"}}, {"model": "admin.logentry", "pk": 21, "fields": {"action_time": "2021-07-09T00:08:37.720Z", "user": 1, "content_type": 8, "object_id": "10", "object_repr": "Чилен: 8.99", "action_flag": 1, "change_message": "[{\"added\": {}}]"}}, {"model": "admin.logentry", "pk": 22, "fields": {"action_time": "2021-07-09T00:09:45.761Z", "user": 1, "content_type": 7, "object_id": "5", "object_repr": "Рыбалка: 5", "action_flag": 3, "change_message": ""}}, {"model": "admin.logentry", "pk": 23, "fields": {"action_time": "2021-07-10T16:05:36.951Z", "user": 1, "content_type": 7, "object_id": "4", "object_repr": "Fruits: 4", "action_flag": 2, "change_message": "[{\"changed\": {\"fields\": [\"Title\"]}}]"}}, {"model": "admin.logentry", "pk": 24, "fields": {"action_time": "2021-07-10T17:08:38.337Z", "user": 1, "content_type": 9, "object_id": "1", "object_repr": "About object (1)", "action_flag": 1, "change_message": "[{\"added\": {}}]"}}, {"model": "admin.logentry", "pk": 25, "fields": {"action_time": "2021-07-11T14:29:05.539Z", "user": 1, "content_type": 9, "object_id": "1", "object_repr": "Eum ipsam laborum deleniti velit pariatur architec", "action_flag": 2, "change_message": "[{\"changed\": {\"fields\": [\"Media url\"]}}]"}}, {"model": "admin.logentry", "pk": 26, "fields": {"action_time": "2021-07-11T18:56:24.495Z", "user": 1, "content_type": 7, "object_id": "4", "object_repr": "Fruits: 4", "action_flag": 2, "change_message": "[{\"changed\": {\"fields\": [\"Is visible\"]}}]"}}, {"model": "admin.logentry", "pk": 27, "fields": {"action_time": "2021-07-11T18:57:46.645Z", "user": 1, "content_type": 8, "object_id": "7", "object_repr": "Bread barrel: 6.95", "action_flag": 2, "change_message": "[{\"changed\": {\"fields\": [\"Is visible\"]}}]"}}, {"model": "admin.logentry", "pk": 28, "fields": {"action_time": "2021-07-11T18:57:58.976Z", "user": 1, "content_type": 8, "object_id": "8", "object_repr": "Tuscan Grilled: 9.95", "action_flag": 2, "change_message": "[{\"changed\": {\"fields\": [\"Is visible\"]}}]"}}, {"model": "admin.logentry", "pk": 29, "fields": {"action_time": "2021-07-11T18:58:07.294Z", "user": 1, "content_type": 8, "object_id": "8", "object_repr": "Tuscan Grilled: 9.95", "action_flag": 2, "change_message": "[{\"changed\": {\"fields\": [\"Is special\"]}}]"}}, {"model": "admin.logentry", "pk": 30, "fields": {"action_time": "2021-07-11T18:58:43.859Z", "user": 1, "content_type": 8, "object_id": "7", "object_repr": "Bread barrel: 6.95", "action_flag": 2, "change_message": "[{\"changed\": {\"fields\": [\"Is visible\"]}}]"}}, {"model": "admin.logentry", "pk": 31, "fields": {"action_time": "2021-07-11T18:58:48.940Z", "user": 1, "content_type": 8, "object_id": "8", "object_repr": "Tuscan Grilled: 9.95", "action_flag": 2, "change_message": "[{\"changed\": {\"fields\": [\"Is visible\", \"Is special\"]}}]"}}, {"model": "admin.logentry", "pk": 32, "fields": {"action_time": "2021-07-11T18:58:52.429Z", "user": 1, "content_type": 8, "object_id": "2", "object_repr": "Crab Cake: 7.95", "action_flag": 2, "change_message": "[{\"changed\": {\"fields\": [\"Is special\"]}}]"}}, {"model": "admin.logentry", "pk": 33, "fields": {"action_time": "2021-07-11T19:00:29.966Z", "user": 1, "content_type": 8, "object_id": "8", "object_repr": "Tuscan Grilled: 9.95", "action_flag": 2, "change_message": "[{\"changed\": {\"fields\": [\"Photo\"]}}]"}}, {"model": "admin.logentry", "pk": 34, "fields": {"action_time": "2021-07-11T19:00:37.366Z", "user": 1, "content_type": 8, "object_id": "9", "object_repr": "Lobster Roll: 12.95", "action_flag": 2, "change_message": "[{\"changed\": {\"fields\": [\"Photo\"]}}]"}}, {"model": "admin.logentry", "pk": 35, "fields": {"action_time": "2021-07-11T19:00:44.574Z", "user": 1, "content_type": 8, "object_id": "7", "object_repr": "Bread barrel: 6.95", "action_flag": 2, "change_message": "[{\"changed\": {\"fields\": [\"Photo\"]}}]"}}, {"model": "admin.logentry", "pk": 36, "fields": {"action_time": "2021-07-11T19:01:38.440Z", "user": 1, "content_type": 8, "object_id": "2", "object_repr": "Crab Cake: 7.95", "action_flag": 2, "change_message": "[{\"changed\": {\"fields\": [\"Photo\"]}}]"}}, {"model": "admin.logentry", "pk": 37, "fields": {"action_time": "2021-07-11T19:02:35.669Z", "user": 1, "content_type": 8, "object_id": "9", "object_repr": "Lobster Roll: 12.95", "action_flag": 2, "change_message": "[{\"changed\": {\"fields\": [\"Photo\"]}}]"}}, {"model": "admin.logentry", "pk": 38, "fields": {"action_time": "2021-07-11T19:29:03.855Z", "user": 1, "content_type": 7, "object_id": "3", "object_repr": "Specialty: 3", "action_flag": 2, "change_message": "[{\"changed\": {\"fields\": [\"Is visible\"]}}]"}}, {"model": "admin.logentry", "pk": 39, "fields": {"action_time": "2021-07-11T22:34:52.246Z", "user": 1, "content_type": 10, "object_id": "1", "object_repr": "Why_us object (1)", "action_flag": 1, "change_message": "[{\"added\": {}}]"}}, {"model": "admin.logentry", "pk": 40, "fields": {"action_time": "2021-07-11T22:35:09.060Z", "user": 1, "content_type": 10, "object_id": "2", "object_repr": "Why_us object (2)", "action_flag": 1, "change_message": "[{\"added\": {}}]"}}, {"model": "admin.logentry", "pk": 41, "fields": {"action_time": "2021-07-11T22:35:25.749Z", "user": 1, "content_type": 10, "object_id": "3", "object_repr": "Why_us object (3)", "action_flag": 1, "change_message": "[{\"added\": {}}]"}}, {"model": "admin.logentry", "pk": 42, "fields": {"action_time": "2021-07-11T22:40:20.908Z", "user": 1, "content_type": 10, "object_id": "3", "object_repr": "Why_us object (3)", "action_flag": 3, "change_message": ""}}, {"model": "admin.logentry", "pk": 43, "fields": {"action_time": "2021-07-11T22:40:23.032Z", "user": 1, "content_type": 10, "object_id": "2", "object_repr": "Why_us object (2)", "action_flag": 3, "change_message": ""}}, {"model": "admin.logentry", "pk": 44, "fields": {"action_time": "2021-07-11T22:40:27.247Z", "user": 1, "content_type": 10, "object_id": "1", "object_repr": "Why_us object (1)", "action_flag": 3, "change_message": ""}}, {"model": "admin.logentry", "pk": 45, "fields": {"action_time": "2021-07-11T22:40:48.307Z", "user": 1, "content_type": 10, "object_id": "4", "object_repr": "Why_us object (4)", "action_flag": 1, "change_message": "[{\"added\": {}}]"}}, {"model": "admin.logentry", "pk": 46, "fields": {"action_time": "2021-07-11T22:41:00.355Z", "user": 1, "content_type": 10, "object_id": "5", "object_repr": "Why_us object (5)", "action_flag": 1, "change_message": "[{\"added\": {}}]"}}, {"model": "admin.logentry", "pk": 47, "fields": {"action_time": "2021-07-11T22:41:21.571Z", "user": 1, "content_type": 10, "object_id": "6", "object_repr": "Why_us object (6)", "action_flag": 1, "change_message": "[{\"added\": {}}]"}}, {"model": "admin.logentry", "pk": 48, "fields": {"action_time": "2021-07-11T22:44:39.316Z", "user": 1, "content_type": 10, "object_id": "6", "object_repr": "Ad ad velit qui", "action_flag": 2, "change_message": "[]"}}, {"model": "admin.logentry", "pk": 49, "fields": {"action_time": "2021-07-11T22:45:01.851Z", "user": 1, "content_type": 10, "object_id": "7", "object_repr": "Test", "action_flag": 1, "change_message": "[{\"added\": {}}]"}}, {"model": "admin.logentry", "pk": 50, "fields": {"action_time": "2021-07-11T23:03:14.087Z", "user": 1, "content_type": 11, "object_id": "1", "object_repr": "Birthday Parties", "action_flag": 1, "change_message": "[{\"added\": {}}]"}}, {"model": "admin.logentry", "pk": 51, "fields": {"action_time": "2021-07-11T23:04:00.393Z", "user": 1, "content_type": 11, "object_id": "2", "object_repr": "Private Parties", "action_flag": 1, "change_message": "[{\"added\": {}}]"}}, {"model": "admin.logentry", "pk": 52, "fields": {"action_time": "2021-07-11T23:04:26.289Z", "user": 1, "content_type": 11, "object_id": "3", "object_repr": "Custom Parties", "action_flag": 1, "change_message": "[{\"added\": {}}]"}}, {"model": "admin.logentry", "pk": 53, "fields": {"action_time": "2021-07-11T23:35:10.001Z", "user": 1, "content_type": 12, "object_id": "1", "object_repr": "Gallery object (1)", "action_flag": 1, "change_message": "[{\"added\": {}}]"}}, {"model": "admin.logentry", "pk": 54, "fields": {"action_time": "2021-07-11T23:35:14.622Z", "user": 1, "content_type": 12, "object_id": "2", "object_repr": "Gallery object (2)", "action_flag": 1, "change_message": "[{\"added\": {}}]"}}, {"model": "admin.logentry", "pk": 55, "fields": {"action_time": "2021-07-11T23:35:17.813Z", "user": 1, "content_type": 12, "object_id": "3", "object_repr": "Gallery object (3)", "action_flag": 1, "change_message": "[{\"added\": {}}]"}}, {"model": "admin.logentry", "pk": 56, "fields": {"action_time": "2021-07-11T23:35:21.976Z", "user": 1, "content_type": 12, "object_id": "4", "object_repr": "Gallery object (4)", "action_flag": 1, "change_message": "[{\"added\": {}}]"}}, {"model": "admin.logentry", "pk": 57, "fields": {"action_time": "2021-07-11T23:35:25.260Z", "user": 1, "content_type": 12, "object_id": "5", "object_repr": "Gallery object (5)", "action_flag": 1, "change_message": "[{\"added\": {}}]"}}, {"model": "admin.logentry", "pk": 58, "fields": {"action_time": "2021-07-11T23:35:28.150Z", "user": 1, "content_type": 12, "object_id": "6", "object_repr": "Gallery object (6)", "action_flag": 1, "change_message": "[{\"added\": {}}]"}}, {"model": "admin.logentry", "pk": 59, "fields": {"action_time": "2021-07-11T23:35:31.636Z", "user": 1, "content_type": 12, "object_id": "7", "object_repr": "Gallery object (7)", "action_flag": 1, "change_message": "[{\"added\": {}}]"}}, {"model": "admin.logentry", "pk": 60, "fields": {"action_time": "2021-07-11T23:35:35.753Z", "user": 1, "content_type": 12, "object_id": "8", "object_repr": "Gallery object (8)", "action_flag": 1, "change_message": "[{\"added\": {}}]"}}, {"model": "admin.logentry", "pk": 61, "fields": {"action_time": "2021-07-11T23:56:27.533Z", "user": 1, "content_type": 13, "object_id": "1", "object_repr": "Chefs object (1)", "action_flag": 1, "change_message": "[{\"added\": {}}]"}}, {"model": "admin.logentry", "pk": 62, "fields": {"action_time": "2021-07-11T23:58:25.670Z", "user": 1, "content_type": 13, "object_id": "2", "object_repr": "Sarah Jhonson", "action_flag": 1, "change_message": "[{\"added\": {}}]"}}, {"model": "admin.logentry", "pk": 63, "fields": {"action_time": "2021-07-11T23:58:41.414Z", "user": 1, "content_type": 13, "object_id": "3", "object_repr": "William Anderson", "action_flag": 1, "change_message": "[{\"added\": {}}]"}}, {"model": "admin.logentry", "pk": 64, "fields": {"action_time": "2021-07-12T00:20:00.173Z", "user": 1, "content_type": 14, "object_id": "1", "object_repr": "Testimonials object (1)", "action_flag": 1, "change_message": "[{\"added\": {}}]"}}, {"model": "admin.logentry", "pk": 65, "fields": {"action_time": "2021-07-12T00:20:49.236Z", "user": 1, "content_type": 14, "object_id": "2", "object_repr": "Testimonials object (2)", "action_flag": 1, "change_message": "[{\"added\": {}}]"}}, {"model": "admin.logentry", "pk": 66, "fields": {"action_time": "2021-07-12T00:21:31.896Z", "user": 1, "content_type": 14, "object_id": "3", "object_repr": "Testimonials object (3)", "action_flag": 1, "change_message": "[{\"added\": {}}]"}}, {"model": "admin.logentry", "pk": 67, "fields": {"action_time": "2021-07-12T00:22:09.657Z", "user": 1, "content_type": 14, "object_id": "4", "object_repr": "Testimonials object (4)", "action_flag": 1, "change_message": "[{\"added\": {}}]"}}, {"model": "admin.logentry", "pk": 68, "fields": {"action_time": "2021-07-12T00:22:37.393Z", "user": 1, "content_type": 14, "object_id": "5", "object_repr": "Testimonials object (5)", "action_flag": 1, "change_message": "[{\"added\": {}}]"}}, {"model": "admin.logentry", "pk": 69, "fields": {"action_time": "2021-07-15T17:04:30.329Z", "user": 2, "content_type": 16, "object_id": "1", "object_repr": "asda : so22@gmail.com : asddd", "action_flag": 1, "change_message": "[{\"added\": {}}]"}}, {"model": "admin.logentry", "pk": 70, "fields": {"action_time": "2021-07-15T17:06:05.673Z", "user": 2, "content_type": 16, "object_id": "2", "object_repr": "Sadasd : dfsdfs@dsfghf.au : ewwee", "action_flag": 1, "change_message": "[{\"added\": {}}]"}}, {"model": "admin.logentry", "pk": 71, "fields": {"action_time": "2021-07-15T17:06:45.756Z", "user": 2, "content_type": 16, "object_id": "3", "object_repr": "Ivan : so@zxcddd.com : ewwee22", "action_flag": 1, "change_message": "[{\"added\": {}}]"}}, {"model": "admin.logentry", "pk": 72, "fields": {"action_time": "2021-07-15T17:16:08.592Z", "user": 2, "content_type": 16, "object_id": "1", "object_repr": "asda : so22@gmail.com : asddd", "action_flag": 2, "change_message": "[{\"changed\": {\"fields\": [\"Is processed\"]}}]"}}, {"model": "admin.logentry", "pk": 73, "fields": {"action_time": "2021-07-15T17:16:28.999Z", "user": 2, "content_type": 16, "object_id": "1", "object_repr": "asda : so22@gmail.com : asddd", "action_flag": 2, "change_message": "[{\"changed\": {\"fields\": [\"Is processed\"]}}]"}}, {"model": "admin.logentry", "pk": 74, "fields": {"action_time": "2021-07-20T17:01:15.455Z", "user": 2, "content_type": 3, "object_id": "1", "object_repr": "Manager", "action_flag": 1, "change_message": "[{\"added\": {}}]"}}, {"model": "admin.logentry", "pk": 75, "fields": {"action_time": "2021-07-20T17:02:09.139Z", "user": 2, "content_type": 4, "object_id": "3", "object_repr": "Ivan", "action_flag": 2, "change_message": "[{\"changed\": {\"fields\": [\"Groups\"]}}]"}}, {"model": "admin.logentry", "pk": 76, "fields": {"action_time": "2021-07-20T17:03:14.386Z", "user": 2, "content_type": 4, "object_id": "1", "object_repr": "admin", "action_flag": 2, "change_message": "[{\"changed\": {\"fields\": [\"Groups\"]}}]"}}, {"model": "admin.logentry", "pk": 77, "fields": {"action_time": "2021-07-20T17:21:30.157Z", "user": 2, "content_type": 4, "object_id": "1", "object_repr": "admin", "action_flag": 2, "change_message": "[{\"changed\": {\"fields\": [\"password\"]}}]"}}, {"model": "admin.logentry", "pk": 78, "fields": {"action_time": "2021-07-20T17:23:52.909Z", "user": 1, "content_type": 4, "object_id": "3", "object_repr": "Ivan", "action_flag": 2, "change_message": "[{\"changed\": {\"fields\": [\"password\"]}}]"}}, {"model": "admin.logentry", "pk": 79, "fields": {"action_time": "2021-07-20T17:27:59.677Z", "user": 2, "content_type": 4, "object_id": "4", "object_repr": "somegrey9@gmail.com", "action_flag": 2, "change_message": "[{\"changed\": {\"fields\": [\"Groups\", \"User permissions\"]}}]"}}, {"model": "admin.logentry", "pk": 80, "fields": {"action_time": "2021-07-20T17:30:09.082Z", "user": 2, "content_type": 3, "object_id": "1", "object_repr": "manager", "action_flag": 2, "change_message": "[{\"changed\": {\"fields\": [\"Name\"]}}]"}}, {"model": "admin.logentry", "pk": 81, "fields": {"action_time": "2021-07-20T17:30:58.471Z", "user": 2, "content_type": 4, "object_id": "3", "object_repr": "Ivan", "action_flag": 2, "change_message": "[]"}}, {"model": "admin.logentry", "pk": 82, "fields": {"action_time": "2021-07-20T17:31:07.561Z", "user": 2, "content_type": 4, "object_id": "2", "object_repr": "kitair", "action_flag": 2, "change_message": "[{\"changed\": {\"fields\": [\"Groups\"]}}]"}}, {"model": "admin.logentry", "pk": 83, "fields": {"action_time": "2021-07-20T23:18:40.952Z", "user": 2, "content_type": 18, "object_id": "1", "object_repr": "Hero object (1)", "action_flag": 1, "change_message": "[{\"added\": {}}]"}}, {"model": "admin.logentry", "pk": 84, "fields": {"action_time": "2021-07-20T23:20:07.947Z", "user": 2, "content_type": 18, "object_id": "2", "object_repr": "Hero object (2)", "action_flag": 1, "change_message": "[{\"added\": {}}]"}}, {"model": "admin.logentry", "pk": 85, "fields": {"action_time": "2021-07-20T23:20:38.404Z", "user": 2, "content_type": 18, "object_id": "3", "object_repr": "Hero object (3)", "action_flag": 1, "change_message": "[{\"added\": {}}]"}}, {"model": "admin.logentry", "pk": 86, "fields": {"action_time": "2021-07-20T23:24:24.473Z", "user": 2, "content_type": 18, "object_id": "4", "object_repr": "Tessss", "action_flag": 1, "change_message": "[{\"added\": {}}]"}}, {"model": "admin.logentry", "pk": 87, "fields": {"action_time": "2021-07-20T23:25:16.073Z", "user": 2, "content_type": 18, "object_id": "4", "object_repr": "Tessss", "action_flag": 3, "change_message": ""}}, {"model": "admin.logentry", "pk": 88, "fields": {"action_time": "2021-07-20T23:42:35.981Z", "user": 2, "content_type": 18, "object_id": "3", "object_repr": "Sequi ea ut et est quaerat to", "action_flag": 2, "change_message": "[{\"changed\": {\"fields\": [\"Is visible\"]}}]"}}, {"model": "admin.logentry", "pk": 89, "fields": {"action_time": "2021-07-20T23:48:15.477Z", "user": 2, "content_type": 18, "object_id": "1", "object_repr": "Delicious Restaurant", "action_flag": 2, "change_message": "[{\"changed\": {\"fields\": [\"Photo\"]}}]"}}, {"model": "admin.logentry", "pk": 90, "fields": {"action_time": "2021-07-20T23:48:21.010Z", "user": 2, "content_type": 18, "object_id": "2", "object_repr": "Lorem  Ipsum Dolor", "action_flag": 2, "change_message": "[{\"changed\": {\"fields\": [\"Photo\"]}}]"}}, {"model": "admin.logentry", "pk": 91, "fields": {"action_time": "2021-07-20T23:48:27.067Z", "user": 2, "content_type": 18, "object_id": "3", "object_repr": "Sequi ea ut et est quaerat to", "action_flag": 2, "change_message": "[{\"changed\": {\"fields\": [\"Photo\"]}}]"}}, {"model": "admin.logentry", "pk": 92, "fields": {"action_time": "2021-07-20T23:48:54.702Z", "user": 2, "content_type": 18, "object_id": "3", "object_repr": "Sequi ea ut et est quaerat to", "action_flag": 2, "change_message": "[{\"changed\": {\"fields\": [\"Is visible\"]}}]"}}, {"model": "admin.logentry", "pk": 93, "fields": {"action_time": "2021-07-20T23:49:06.737Z", "user": 2, "content_type": 18, "object_id": "2", "object_repr": "Lorem  Ipsum Dolor", "action_flag": 2, "change_message": "[{\"changed\": {\"fields\": [\"Is visible\"]}}]"}}, {"model": "admin.logentry", "pk": 94, "fields": {"action_time": "2021-07-20T23:49:10.108Z", "user": 2, "content_type": 18, "object_id": "3", "object_repr": "Sequi ea ut et est quaerat to", "action_flag": 2, "change_message": "[{\"changed\": {\"fields\": [\"Is visible\"]}}]"}}, {"model": "admin.logentry", "pk": 95, "fields": {"action_time": "2021-07-20T23:49:15.463Z", "user": 2, "content_type": 18, "object_id": "2", "object_repr": "Lorem  Ipsum Dolor", "action_flag": 2, "change_message": "[{\"changed\": {\"fields\": [\"Is visible\"]}}]"}}, {"model": "admin.logentry", "pk": 96, "fields": {"action_time": "2021-07-20T23:49:18.242Z", "user": 2, "content_type": 18, "object_id": "3", "object_repr": "Sequi ea ut et est quaerat to", "action_flag": 2, "change_message": "[{\"changed\": {\"fields\": [\"Is visible\"]}}]"}}, {"model": "admin.logentry", "pk": 97, "fields": {"action_time": "2021-07-21T08:18:31.004Z", "user": 2, "content_type": 8, "object_id": "11", "object_repr": "Tar-tar: 10", "action_flag": 1, "change_message": "[{\"added\": {}}]"}}, {"model": "admin.logentry", "pk": 98, "fields": {"action_time": "2021-07-22T16:33:30.126Z", "user": 2, "content_type": 4, "object_id": "2", "object_repr": "kitair", "action_flag": 2, "change_message": "[]"}}, {"model": "admin.logentry", "pk": 99, "fields": {"action_time": "2021-07-22T16:35:45.777Z", "user": 1, "content_type": 4, "object_id": "3", "object_repr": "Ivan", "action_flag": 2, "change_message": "[{\"changed\": {\"fields\": [\"password\"]}}]"}}, {"model": "admin.logentry", "pk": 100, "fields": {"action_time": "2021-07-22T16:54:43.650Z", "user": 2, "content_type": 4, "object_id": "3", "object_repr": "Ivan", "action_flag": 2, "change_message": "[]"}}, {"model": "admin.logentry", "pk": 101, "fields": {"action_time": "2021-07-22T17:27:57.928Z", "user": 2, "content_type": 4, "object_id": "3", "object_repr": "Ivan", "action_flag": 2, "change_message": "[{\"changed\": {\"fields\": [\"Staff status\", \"User permissions\"]}}]"}}, {"model": "auth.permission", "pk": 1, "fields": {"name": "Can add log entry", "content_type": 1, "codename": "add_logentry"}}, {"model": "auth.permission", "pk": 2, "fields": {"name": "Can change log entry", "content_type": 1, "codename": "change_logentry"}}, {"model": "auth.permission", "pk": 3, "fields": {"name": "Can delete log entry", "content_type": 1, "codename": "delete_logentry"}}, {"model": "auth.permission", "pk": 4, "fields": {"name": "Can view log entry", "content_type": 1, "codename": "view_logentry"}}, {"model": "auth.permission", "pk": 5, "fields": {"name": "Can add permission", "content_type": 2, "codename": "add_permission"}}, {"model": "auth.permission", "pk": 6, "fields": {"name": "Can change permission", "content_type": 2, "codename": "change_permission"}}, {"model": "auth.permission", "pk": 7, "fields": {"name": "Can delete permission", "content_type": 2, "codename": "delete_permission"}}, {"model": "auth.permission", "pk": 8, "fields": {"name": "Can view permission", "content_type": 2, "codename": "view_permission"}}, {"model": "auth.permission", "pk": 9, "fields": {"name": "Can add group", "content_type": 3, "codename": "add_group"}}, {"model": "auth.permission", "pk": 10, "fields": {"name": "Can change group", "content_type": 3, "codename": "change_group"}}, {"model": "auth.permission", "pk": 11, "fields": {"name": "Can delete group", "content_type": 3, "codename": "delete_group"}}, {"model": "auth.permission", "pk": 12, "fields": {"name": "Can view group", "content_type": 3, "codename": "view_group"}}, {"model": "auth.permission", "pk": 13, "fields": {"name": "Can add user", "content_type": 4, "codename": "add_user"}}, {"model": "auth.permission", "pk": 14, "fields": {"name": "Can change user", "content_type": 4, "codename": "change_user"}}, {"model": "auth.permission", "pk": 15, "fields": {"name": "Can delete user", "content_type": 4, "codename": "delete_user"}}, {"model": "auth.permission", "pk": 16, "fields": {"name": "Can view user", "content_type": 4, "codename": "view_user"}}, {"model": "auth.permission", "pk": 17, "fields": {"name": "Can add content type", "content_type": 5, "codename": "add_contenttype"}}, {"model": "auth.permission", "pk": 18, "fields": {"name": "Can change content type", "content_type": 5, "codename": "change_contenttype"}}, {"model": "auth.permission", "pk": 19, "fields": {"name": "Can delete content type", "content_type": 5, "codename": "delete_contenttype"}}, {"model": "auth.permission", "pk": 20, "fields": {"name": "Can view content type", "content_type": 5, "codename": "view_contenttype"}}, {"model": "auth.permission", "pk": 21, "fields": {"name": "Can add session", "content_type": 6, "codename": "add_session"}}, {"model": "auth.permission", "pk": 22, "fields": {"name": "Can change session", "content_type": 6, "codename": "change_session"}}, {"model": "auth.permission", "pk": 23, "fields": {"name": "Can delete session", "content_type": 6, "codename": "delete_session"}}, {"model": "auth.permission", "pk": 24, "fields": {"name": "Can view session", "content_type": 6, "codename": "view_session"}}, {"model": "auth.permission", "pk": 25, "fields": {"name": "Can add category", "content_type": 7, "codename": "add_category"}}, {"model": "auth.permission", "pk": 26, "fields": {"name": "Can change category", "content_type": 7, "codename": "change_category"}}, {"model": "auth.permission", "pk": 27, "fields": {"name": "Can delete category", "content_type": 7, "codename": "delete_category"}}, {"model": "auth.permission", "pk": 28, "fields": {"name": "Can view category", "content_type": 7, "codename": "view_category"}}, {"model": "auth.permission", "pk": 29, "fields": {"name": "Can add dish", "content_type": 8, "codename": "add_dish"}}, {"model": "auth.permission", "pk": 30, "fields": {"name": "Can change dish", "content_type": 8, "codename": "change_dish"}}, {"model": "auth.permission", "pk": 31, "fields": {"name": "Can delete dish", "content_type": 8, "codename": "delete_dish"}}, {"model": "auth.permission", "pk": 32, "fields": {"name": "Can view dish", "content_type": 8, "codename": "view_dish"}}, {"model": "auth.permission", "pk": 33, "fields": {"name": "Can add about", "content_type": 9, "codename": "add_about"}}, {"model": "auth.permission", "pk": 34, "fields": {"name": "Can change about", "content_type": 9, "codename": "change_about"}}, {"model": "auth.permission", "pk": 35, "fields": {"name": "Can delete about", "content_type": 9, "codename": "delete_about"}}, {"model": "auth.permission", "pk": 36, "fields": {"name": "Can view about", "content_type": 9, "codename": "view_about"}}, {"model": "auth.permission", "pk": 37, "fields": {"name": "Can add why_us", "content_type": 10, "codename": "add_why_us"}}, {"model": "auth.permission", "pk": 38, "fields": {"name": "Can change why_us", "content_type": 10, "codename": "change_why_us"}}, {"model": "auth.permission", "pk": 39, "fields": {"name": "Can delete why_us", "content_type": 10, "codename": "delete_why_us"}}, {"model": "auth.permission", "pk": 40, "fields": {"name": "Can view why_us", "content_type": 10, "codename": "view_why_us"}}, {"model": "auth.permission", "pk": 41, "fields": {"name": "Can add event", "content_type": 11, "codename": "add_event"}}, {"model": "auth.permission", "pk": 42, "fields": {"name": "Can change event", "content_type": 11, "codename": "change_event"}}, {"model": "auth.permission", "pk": 43, "fields": {"name": "Can delete event", "content_type": 11, "codename": "delete_event"}}, {"model": "auth.permission", "pk": 44, "fields": {"name": "Can view event", "content_type": 11, "codename": "view_event"}}, {"model": "auth.permission", "pk": 45, "fields": {"name": "Can add gallery", "content_type": 12, "codename": "add_gallery"}}, {"model": "auth.permission", "pk": 46, "fields": {"name": "Can change gallery", "content_type": 12, "codename": "change_gallery"}}, {"model": "auth.permission", "pk": 47, "fields": {"name": "Can delete gallery", "content_type": 12, "codename": "delete_gallery"}}, {"model": "auth.permission", "pk": 48, "fields": {"name": "Can view gallery", "content_type": 12, "codename": "view_gallery"}}, {"model": "auth.permission", "pk": 49, "fields": {"name": "Can add chefs", "content_type": 13, "codename": "add_chefs"}}, {"model": "auth.permission", "pk": 50, "fields": {"name": "Can change chefs", "content_type": 13, "codename": "change_chefs"}}, {"model": "auth.permission", "pk": 51, "fields": {"name": "Can delete chefs", "content_type": 13, "codename": "delete_chefs"}}, {"model": "auth.permission", "pk": 52, "fields": {"name": "Can view chefs", "content_type": 13, "codename": "view_chefs"}}, {"model": "auth.permission", "pk": 53, "fields": {"name": "Can add testimonials", "content_type": 14, "codename": "add_testimonials"}}, {"model": "auth.permission", "pk": 54, "fields": {"name": "Can change testimonials", "content_type": 14, "codename": "change_testimonials"}}, {"model": "auth.permission", "pk": 55, "fields": {"name": "Can delete testimonials", "content_type": 14, "codename": "delete_testimonials"}}, {"model": "auth.permission", "pk": 56, "fields": {"name": "Can view testimonials", "content_type": 14, "codename": "view_testimonials"}}, {"model": "auth.permission", "pk": 57, "fields": {"name": "Can add reservation", "content_type": 15, "codename": "add_reservation"}}, {"model": "auth.permission", "pk": 58, "fields": {"name": "Can change reservation", "content_type": 15, "codename": "change_reservation"}}, {"model": "auth.permission", "pk": 59, "fields": {"name": "Can delete reservation", "content_type": 15, "codename": "delete_reservation"}}, {"model": "auth.permission", "pk": 60, "fields": {"name": "Can view reservation", "content_type": 15, "codename": "view_reservation"}}, {"model": "auth.permission", "pk": 61, "fields": {"name": "Can add reservations", "content_type": 16, "codename": "add_reservations"}}, {"model": "auth.permission", "pk": 62, "fields": {"name": "Can change reservations", "content_type": 16, "codename": "change_reservations"}}, {"model": "auth.permission", "pk": 63, "fields": {"name": "Can delete reservations", "content_type": 16, "codename": "delete_reservations"}}, {"model": "auth.permission", "pk": 64, "fields": {"name": "Can view reservations", "content_type": 16, "codename": "view_reservations"}}, {"model": "auth.permission", "pk": 65, "fields": {"name": "Can add contact", "content_type": 17, "codename": "add_contact"}}, {"model": "auth.permission", "pk": 66, "fields": {"name": "Can change contact", "content_type": 17, "codename": "change_contact"}}, {"model": "auth.permission", "pk": 67, "fields": {"name": "Can delete contact", "content_type": 17, "codename": "delete_contact"}}, {"model": "auth.permission", "pk": 68, "fields": {"name": "Can view contact", "content_type": 17, "codename": "view_contact"}}, {"model": "auth.permission", "pk": 69, "fields": {"name": "Can add hero", "content_type": 18, "codename": "add_hero"}}, {"model": "auth.permission", "pk": 70, "fields": {"name": "Can change hero", "content_type": 18, "codename": "change_hero"}}, {"model": "auth.permission", "pk": 71, "fields": {"name": "Can delete hero", "content_type": 18, "codename": "delete_hero"}}, {"model": "auth.permission", "pk": 72, "fields": {"name": "Can view hero", "content_type": 18, "codename": "view_hero"}}, {"model": "auth.group", "pk": 1, "fields": {"name": "manager", "permissions": [25, 26, 27, 28, 29, 30, 31, 32, 61, 62, 63, 64]}}, {"model": "auth.user", "pk": 1, "fields": {"password": "pbkdf2_sha256$260000$SZK5zuRE4HwwySsN0yOb1b$5EyqSD225vlsxd2czND+oIRSvs4sxjM0ujrlZCMM0/g=", "last_login": "2021-07-22T16:34:49.615Z", "is_superuser": true, "username": "admin", "first_name": "", "last_name": "", "email": "mazurenkoiv94@gmail.com", "is_staff": true, "is_active": true, "date_joined": "2021-06-28T17:27:24Z", "groups": [1], "user_permissions": []}}, {"model": "auth.user", "pk": 2, "fields": {"password": "pbkdf2_sha256$260000$3HclHv2asNTh7VWtZnEa1W$Yk8jQQT5VNIKPv8DafH/3GFjgloWfFJ/1E0JAv4tdlU=", "last_login": "2021-07-22T17:25:25.495Z", "is_superuser": true, "username": "kitair", "first_name": "", "last_name": "", "email": "mazurenkoii94@gmail.com", "is_staff": true, "is_active": true, "date_joined": "2021-07-15T15:58:09Z", "groups": [1], "user_permissions": []}}, {"model": "auth.user", "pk": 3, "fields": {"password": "pbkdf2_sha256$260000$0O80FSfA8NfCUkxUYQ3LeG$iQFnC1WBS1WxrLqcqwKoqzTtkWBd40b1F/W7Fg4qnWE=", "last_login": "2021-07-22T16:55:17Z", "is_superuser": false, "username": "Ivan", "first_name": "", "last_name": "", "email": "", "is_staff": true, "is_active": true, "date_joined": "2021-07-20T16:47:57Z", "groups": [1], "user_permissions": [25, 26, 27, 28]}}, {"model": "auth.user", "pk": 4, "fields": {"password": "pbkdf2_sha256$260000$t88Qr3XkUOEOWP7lEU5s5k$QMghMgAB4PJj/Zrff+AYKQKf4/5xeDzuIadgdSN5hM8=", "last_login": "2021-07-20T17:28:33.130Z", "is_superuser": false, "username": "somegrey9@gmail.com", "first_name": "", "last_name": "", "email": "", "is_staff": false, "is_active": true, "date_joined": "2021-07-20T17:27:11Z", "groups": [1], "user_permissions": [61, 62, 63, 64]}}, {"model": "contenttypes.contenttype", "pk": 1, "fields": {"app_label": "admin", "model": "logentry"}}, {"model": "contenttypes.contenttype", "pk": 2, "fields": {"app_label": "auth", "model": "permission"}}, {"model": "contenttypes.contenttype", "pk": 3, "fields": {"app_label": "auth", "model": "group"}}, {"model": "contenttypes.contenttype", "pk": 4, "fields": {"app_label": "auth", "model": "user"}}, {"model": "contenttypes.contenttype", "pk": 5, "fields": {"app_label": "contenttypes", "model": "contenttype"}}, {"model": "contenttypes.contenttype", "pk": 6, "fields": {"app_label": "sessions", "model": "session"}}, {"model": "contenttypes.contenttype", "pk": 7, "fields": {"app_label": "main_page", "model": "category"}}, {"model": "contenttypes.contenttype", "pk": 8, "fields": {"app_label": "main_page", "model": "dish"}}, {"model": "contenttypes.contenttype", "pk": 9, "fields": {"app_label": "main_page", "model": "about"}}, {"model": "contenttypes.contenttype", "pk": 10, "fields": {"app_label": "main_page", "model": "why_us"}}, {"model": "contenttypes.contenttype", "pk": 11, "fields": {"app_label": "main_page", "model": "event"}}, {"model": "contenttypes.contenttype", "pk": 12, "fields": {"app_label": "main_page", "model": "gallery"}}, {"model": "contenttypes.contenttype", "pk": 13, "fields": {"app_label": "main_page", "model": "chefs"}}, {"model": "contenttypes.contenttype", "pk": 14, "fields": {"app_label": "main_page", "model": "testimonials"}}, {"model": "contenttypes.contenttype", "pk": 15, "fields": {"app_label": "main_page", "model": "reservation"}}, {"model": "contenttypes.contenttype", "pk": 16, "fields": {"app_label": "main_page", "model": "reservations"}}, {"model": "contenttypes.contenttype", "pk": 17, "fields": {"app_label": "main_page", "model": "contact"}}, {"model": "contenttypes.contenttype", "pk": 18, "fields": {"app_label": "main_page", "model": "hero"}}, {"model": "sessions.session", "pk": "7dzqmuwcfb8wvdhs7oejmtmfxucyt7g9", "fields": {"session_data": ".eJxVjMsOwiAUBf-FtSFAeRSX7v0Gch8gVUOT0q6M_65NutDtmZnzEgm2taat5yVNLM5Ci9PvhkCP3HbAd2i3WdLc1mVCuSvyoF1eZ87Py-H-HVTo9VsHS-gyjRALmVDYMCtPg_WWMY4-M2Zly0ABg3ehoNZQnDVRqeDAKSveHwnXODY:1lxv38:IszkfcawyugG53TsQkMTvGh5lP3eO0ctJFFKuFan0Ow", "expire_date": "2021-07-12T17:27:58.045Z"}}, {"model": "sessions.session", "pk": "h0c56nfcz81qi8hzxwqf8h019c1daovr", "fields": {"session_data": ".eJxVjEEOgjAQRe_StWmGoXVal-45A2lnBosaSCisjHdXEha6_e-9_zJ92tbSb1WXfhRzMWhOv1tO_NBpB3JP0222PE_rMma7K_ag1Xaz6PN6uH8HJdXyrYmxCYCRfQRShuAyZPHkM4bozw6HJrVIgKyAgcWRRqHoVQRwoNa8P7tNNxk:1m45zm:vObfPHSou9Qm2MjKoRmIm28qDY_2gBc9utN_72T8MQY", "expire_date": "2021-07-29T18:22:02.269Z"}}, {"model": "sessions.session", "pk": "yow7gi9o4fy0fmvjr2xa168oq40d0lh5", "fields": {"session_data": ".eJxVjEEOgjAQRe_StWmGoXVal-45A2lnBosaSCisjHdXEha6_e-9_zJ92tbSb1WXfhRzMWhOv1tO_NBpB3JP0222PE_rMma7K_ag1Xaz6PN6uH8HJdXyrYmxCYCRfQRShuAyZPHkM4bozw6HJrVIgKyAgcWRRqHoVQRwoNa8P7tNNxk:1m6cRp:OHWhtFlecrpEMQCqIh6d8t28tc7v8cLU7uCLHR0CtgA", "expire_date": "2021-08-05T17:25:25.509Z"}}, {"model": "main_page.hero", "pk": 1, "fields": {"title": "Delicious Restaurant", "desc": "Ut velit est quam dolor ad a aliquid qui aliquid. Sequi ea ut et est quaerat sequi nihil ut aliquam. Occaecati alias dolorem mollitia ut. Similique ea voluptatem. Esse doloremque accusamus repellendus deleniti vel. Minus et tempore modi architecto.", "photo": "images/hero/0e762605-21df-4e42-ba69-93c943c0caec.jpg", "is_visible": true}}, {"model": "main_page.hero", "pk": 2, "fields": {"title": "Lorem  Ipsum Dolor", "desc": "Ut velit est quam dolor ad a aliquid qui aliquid. Sequi ea ut et est quaerat sequi nihil ut aliquam. Occaecati alias dolorem mollitia ut. Similique ea voluptatem. Esse doloremque accusamus repellendus deleniti vel.   Minus 2 et tempore modi architecto.", "photo": "images/hero/8b582bce-a166-4e04-a946-16a4f161f239.jpg", "is_visible": true}}, {"model": "main_page.hero", "pk": 3, "fields": {"title": "Sequi ea ut et est quaerat to", "desc": "Ut velit est quam 1 dolor ad a aliquid qui aliquid. Sequi ea ut et est quaerat sequi nihil ut aliquam. Occaecati alias dolorem mollitia ut. Similique ea voluptatem. Esse doloremque accusamus repellendus deleniti vel. Minus et tempore modi architecto.", "photo": "images/hero/40f872d5-f008-4e92-bd00-34c501fd12f7.jpg", "is_visible": true}}, {"model": "main_page.about", "pk": 1, "fields": {"title": "Eum ipsam laborum deleniti velit pariatur architec", "desc": "Lorem ipsum dolor sit amet, consectetur adipiscing elit, sed do eiusmod tempor incididunt ut labore et dolore magna aliqua. Duis aute irure dolor in reprehenderit  Lorem ipsum dolor sit amet, consectetur adipiscing elit, sed do eiusmod tempor incididunt ut labore et dolore magna aliqua.  Ullamco laboris nisi ut aliquip ex ea commodo consequat. Duis aute irure dolor in reprehenderit in voluptate velit. Ullamco laboris nisi ut aliquip ex ea commodo consequat. Duis aute irure dolor in reprehenderit", "media_url": "images/about/fc34c461-09c9-42c8-95bf-a2e2e28ff5d2.jpg", "is_visible": true}}, {"model": "main_page.why_us", "pk": 4, "fields": {"card_number": "01", "title": "Lorem Ipsum", "desc": "Ulamco laboris nisi ut aliquip ex ea commodo consequat. Et consectetur ducimus vero placeat"}}, {"model": "main_page.why_us", "pk": 5, "fields": {"card_number": "02", "title": "Repellat Nihil", "desc": "Dolorem est fugiat occaecati voluptate velit esse. Dicta veritatis dolor quod et vel dire leno para dest"}}, {"model": "main_page.why_us", "pk": 6, "fields": {"card_number": "03", "title": "Ad ad velit qui", "desc": "Molestiae officiis omnis illo asperiores. Aut doloribus vitae sunt debitis quo vel nam quis"}}, {"model": "main_page.why_us", "pk": 7, "fields": {"card_number": "04", "title": "Test", "desc": "Hello World"}}, {"model": "main_page.category", "pk": 1, "fields": {"title": "Starters", "is_visible": true, "category_order": 1}}, {"model": "main_page.category", "pk": 2, "fields": {"title": "Salads", "is_visible": true, "category_order": 2}}, {"model": "main_page.category", "pk": 3, "fields": {"title": "Specialty", "is_visible": false, "category_order": 3}}, {"model": "main_page.category", "pk": 4, "fields": {"title": "Fruits", "is_visible": false, "category_order": 4}}, {"model": "main_page.dish", "pk": 1, "fields": {"title": "Lobster Bisque", "photo": "media/images/dishes/ba4d36b6-7064-4856-af79-772436abaa9e.jpg", "dish_order": 1, "is_visible": true, "is_special": false, "price": "5.95", "ingredients": "Lorem, deren, trataro, filede, nerada", "desc": "Суп из омара", "category": 1}}, {"model": "main_page.dish", "pk": 2, "fields": {"title": "Crab Cake", "photo": "images/dishes/f52410d6-335c-4dd3-a780-1d9b1031f90c.jpg", "dish_order": 2, "is_visible": true, "is_special": true, "price": "7.95", "ingredients": "Lorem, deren, trataro, filede, nerada", "desc": "A delicate crab cake served on a toasted roll with lettuce and tartar sauce", "category": 1}}, {"model": "main_page.dish", "pk": 3, "fields": {"title": "Mozzarella Stick", "photo": "media/images/dishes/5ef1bb6b-ba1d-4b6f-b93e-9ba0eca45b04.jpg", "dish_order": 3, "is_visible": true, "is_special": false, "price": "4.95", "ingredients": "Lorem, deren, trataro, filede, nerada", "desc": "Сырные палочки", "category": 1}}, {"model": "main_page.dish", "pk": 4, "fields": {"title": "Caesar Selections", "photo": "media/images/dishes/a20d8827-b3b8-4876-850a-d067bf76e02d.jpg", "dish_order": 4, "is_visible": true, "is_special": false, "price": "8.95", "ingredients": "Lorem, deren, trataro, filede, nerada", "desc": "Lorem, deren, trataro, filede, nerada", "category": 2}}, {"model": "main_page.dish", "pk": 5, "fields": {"title": "Greek Salad", "photo": "media/images/dishes/e4a2abb8-79b5-4c60-947f-04f82c7093fd.jpg", "dish_order": 5, "is_visible": true, "is_special": false, "price": "9.95", "ingredients": "Lorem, deren, trataro, filede, nerada", "desc": "Lorem", "category": 2}}, {"model": "main_page.dish", "pk": 6, "fields": {"title": "Spinach Salad", "photo": "media/images/dishes/8c9537b2-d118-41ca-86e2-52857cdc43e6.jpg", "dish_order": 6, "is_visible": true, "is_special": false, "price": "9.95", "ingredients": "Fresh spinach with mushrooms, hard boiled egg, and warm bacon vinaigrette", "desc": "Lorem deren", "category": 2}}, {"model": "main_page.dish", "pk": 7, "fields": {"title": "Bread barrel", "photo": "images/dishes/75606142-4926-490c-ae98-045002311551.jpg", "dish_order": 7, "is_visible": true, "is_special": true, "price": "6.95", "ingredients": "Lorem, deren, trataro, filede, nerada", "desc": "A delicate", "category": 3}}, {"model": "main_page.dish", "pk": 8, "fields": {"title": "Tuscan Grilled", "photo": "images/dishes/5d82da91-2814-45f0-a2c6-11224a3f0232.jpg", "dish_order": 8, "is_visible": true, "is_special": true, "price": "9.95", "ingredients": "Grilled chicken with provolone, artichoke hearts, and roasted red pesto", "desc": "Grilled chicken with provolone, artichoke hearts, and roasted red pesto", "category": 3}}, {"model": "main_page.dish", "pk": 9, "fields": {"title": "Lobster Roll", "photo": "images/dishes/4e16cef5-9ce0-435c-b6dc-ad510f2411c9.jpg", "dish_order": 9, "is_visible": true, "is_special": true, "price": "12.95", "ingredients": "Plump lobster meat, mayo and crisp lettuce on a toasted bulky roll", "desc": "Plump lobster meat, mayo and crisp lettuce on a toasted bulky roll", "category": 3}}, {"model": "main_page.dish", "pk": 11, "fields": {"title": "Tar-tar", "photo": "images/dishes/124f97a6-8187-4192-b771-2d89f01c07d6.jpg", "dish_order": 12, "is_visible": true, "is_special": false, "price": "10.00", "ingredients": "Fresh spinach21321 with mushrooms, hard boiled egg, and warm bacon vinaigrette", "desc": "Molestiae o12312fficiis omnis illo asperiores. Aut doloribus vitae sunt debitis quo vel nam quis", "category": 2}}, {"model": "main_page.event", "pk": 1, "fields": {"title": "Birthday Parties", "desc": "Lorem ipsum dolor sit amet, consectetur adipiscing elit, sed do eiusmod tempor incididunt ut labore et dolore                     magna aliqua.", "price": "189.00", "photo": "images/event/6f482b1f-f092-413b-8733-13b0bf6ce1e6.jpg", "is_visible": true}}, {"model": "main_page.event", "pk": 2, "fields": {"title": "Private Parties", "desc": "Lorem ipsum dolor sit amet, consectetur adipiscing elit, sed do eiusmod tempor incididunt ut labore et dolore                    magna aliqua.", "price": "290.00", "photo": "images/event/5cb5f016-90e9-458c-b49a-fd6c5799ff1c.jpg", "is_visible": true}}, {"model": "main_page.event", "pk": 3, "fields": {"title": "Custom Parties", "desc": "Ullamco laboris nisi ut aliquip ex ea commodo consequat. Duis aute irure dolor in reprehenderit in voluptate                     velit esse cillum dolore eu fugiat nulla pariatur", "price": "99.00", "photo": "images/event/87dc021c-0ab2-4b22-8707-0d28f9f66987.jpg", "is_visible": true}}, {"model": "main_page.gallery", "pk": 1, "fields": {"photo": "images/gallery/4bd681e1-777d-4b50-b41d-9ce73134da85.jpg", "is_visible": true}}, {"model": "main_page.gallery", "pk": 2, "fields": {"photo": "images/gallery/4e6babd7-3a17-4622-a3c9-8e57d7bee200.jpg", "is_visible": true}}, {"model": "main_page.gallery", "pk": 3, "fields": {"photo": "images/gallery/ed6279f0-93d5-459a-8d1f-47a535fdf211.jpg", "is_visible": true}}, {"model": "main_page.gallery", "pk": 4, "fields": {"photo": "images/gallery/c8169d7b-4ad9-430d-af0e-490b42f133d1.jpg", "is_visible": true}}, {"model": "main_page.gallery", "pk": 5, "fields": {"photo": "images/gallery/89294cf4-aceb-48da-b3ca-958e0d2319db.jpg", "is_visible": true}}, {"model": "main_page.gallery", "pk": 6, "fields": {"photo": "images/gallery/bc9cf92f-8c51-4616-9d7f-6a0ca689cf72.jpg", "is_visible": true}}, {"model": "main_page.gallery", "pk": 7, "fields": {"photo": "images/gallery/cfb61d73-e706-4dea-9f5c-2652aa06c9a2.jpg", "is_visible": true}}, {"model": "main_page.gallery", "pk": 8, "fields": {"photo": "images/gallery/abfaec7d-c7d2-4053-860a-5d6617a52a2b.jpg", "is_visible": true}}, {"model": "main_page.chefs", "pk": 1, "fields": {"title": "Walter White", "photo": "images/chefs/c9f41aff-71ca-4bb1-854a-ff36bcd3ee15.jpg", "is_visible": true, "role": "Master Chef", "twitter_url": "https://twitter.com/", "facebook_url": "https://facebook.com/", "instagram_url": "https://www.instagram.com/", "linkedin_url": "https://www.linkedin.com/"}}, {"model": "main_page.chefs", "pk": 2, "fields": {"title": "Sarah Jhonson", "photo": "images/chefs/4a1c272e-68af-4c86-8dbc-b6fc83bd60ac.jpg", "is_visible": true, "role": "Patissier", "twitter_url": "https://twitter.com/", "facebook_url": "https://facebook.com/", "instagram_url": "https://www.instagram.com/", "linkedin_url": "https://www.linkedin.com/"}}, {"model": "main_page.chefs", "pk": 3, "fields": {"title": "William Anderson", "photo": "images/chefs/8e92e19a-a64d-4ede-81fa-7813e0ee8456.jpg", "is_visible": true, "role": "Cook", "twitter_url": "https://twitter.com/", "facebook_url": "https://facebook.com/", "instagram_url": "https://www.instagram.com/", "linkedin_url": "https://www.linkedin.com/"}}, {"model": "main_page.testimonials", "pk": 1, "fields": {"title": "Saul Goodman", "role": "Ceo & Founder", "photo": "images/testimonials/2dc2648d-d2c5-4b6c-9792-f39c9e1924b8.jpg", "is_visible": true, "quote": "Proin iaculis purus consequat sem cure digni ssim donec porttitora entum suscipit rhoncus. Accusantium quam, ultricies eget id, aliquam eget nibh et. Maecen aliquam, risus at semper."}}, {"model": "main_page.testimonials", "pk": 2, "fields": {"title": "Sara Wilsson", "role": "Designer", "photo": "images/testimonials/7e5421cc-ec61-4837-87b5-82c37871108d.jpg", "is_visible": true, "quote": "Export tempor illum tamen malis malis eram quae irure esse labore quem cillum quid cillum eram malis quorum velit fore eram velit sunt aliqua noster fugiat irure amet legam anim"}}, {"model": "main_page.testimonials", "pk": 3, "fields": {"title": "Khalisi", "role": "SEO", "photo": "images/testimonials/bc8b0fa4-8cb8-45f7-8d4b-794cff5a115f.jpg", "is_visible": true, "quote": "Purus consequat sem cure digni ssim donec porttitora entum suscipit rhoncus. Accusantium quam, ultricies eget id, aliquam eget nibh et. Maecen aliquam, risus at semper."}}, {"model": "main_page.testimonials", "pk": 4, "fields": {"title": "DJo Jo", "role": "SMM manager", "photo": "images/testimonials/f4902ef9-df6c-4400-927d-ac8962726f2c.jpg", "is_visible": true, "quote": "Malis malis eram quae irure esse labore quem cillum quid cillum eram malis quorum velit fore eram velit sunt aliqua noster fugiat irure amet legam anim"}}, {"model": "main_page.testimonials", "pk": 5, "fields": {"title": "Rock Lee", "role": "Partner", "photo": "images/testimonials/dbdf286c-4987-442e-ad96-d51f6fbd9a73.jpg", "is_visible": true, "quote": "Eram quae irure esse labore quem cillum quid cillum eram malis quorum velit fore eram velit sunt aliqua noster fugiat irure amet legam anim"}}, {"model": "main_page.reservations", "pk": 1, "fields": {"user_name": "asda", "user_email": "so22@gmail.com", "user_phone": "0635835431", "user_date": "2021-07-14", "user_time": "17:03:20", "number_of_person": 3, "user_message": "asddd", "is_processed": false, "order_time": "2021-07-15T17:04:30.319Z"}}, {"model": "main_page.reservations", "pk": 2, "fields": {"user_name": "Sadasd", "user_email": "dfsdfs@dsfghf.au", "user_phone": "0635835431", "user_date": "2021-07-14", "user_time": "16:05:57", "number_of_person": 1, "user_message": "ewwee", "is_processed": true, "order_time": "2021-07-15T17:06:05.670Z"}}, {"model": "main_page.reservations", "pk": 3, "fields": {"user_name": "Ivan", "user_email": "so@zxcddd.com", "user_phone": "0635835431", "user_date": "2021-07-14", "user_time": "12:06:22", "number_of_person": 2, "user_message": "ewwee22", "is_processed": false, "order_time": "2021-07-15T17:06:45.755Z"}}, {"model": "main_page.reservations", "pk": 4, "fields": {"user_name": "asda", "user_email": "sdfsdf@sdfsdffds.ua", "user_phone": "0635835431", "user_date": "2021-07-14", "user_time": "12:26:22", "number_of_person": 6, "user_message": "asdadasd", "is_processed": false, "order_time": "2021-07-15T17:24:20.651Z"}}, {"model": "main_page.reservations", "pk": 5, "fields": {"user_name": "asda", "user_email": "sawwwsf@sdfsdffds.ua", "user_phone": "0634835431", "user_date": "2021-07-15", "user_time": "19:05:57", "number_of_person": 12, "user_message": "TEST", "is_processed": false, "order_time": "2021-07-15T17:28:36.352Z"}}, {"model": "main_page.reservations", "pk": 6, "fields": {"user_name": "Swetlana", "user_email": "swet@gml.com", "user_phone": "0622835431", "user_date": "2021-07-17", "user_time": "16:05:57", "number_of_person": 1, "user_message": "qwwr", "is_processed": false, "order_time": "2021-07-21T08:22:00.687Z"}}, {"model": "main_page.reservations", "pk": 7, "fields": {"user_name": "Swetlana", "user_email": "swet@gml.com", "user_phone": "0635443543", "user_date": "2021-07-24", "user_time": "13:00:00", "number_of_person": 2, "user_message": "Can I book a table for two?", "is_processed": false, "order_time": "2021-07-21T08:25:45.023Z"}}]